id,title,date,image,content,tags,readTime,updatedAt
1,Kawaii Desk Accessories to Brighten Your Workspace,2025-07-27,/blog-posts/Kawai_Desk_Main_Cover.jpg,"---
title: Kawaii Desk Accessories to Brighten Your Workspace  
date: 2025-07-27  
author: Your Kawaii BFF  
description: Transform your desk into a pastel paradise with these adorable kawaii accessories!  
keywords: kawaii, desk accessories, cute workspace, pastel aesthetic  
---

Hey cutie! ğŸŒ¸  

Oh my gosh, have you ever looked at your desk and thought, â€œThis needs more *sparkle* and *coziness*â€? That was totally me last month! My workspace was feeling so blah, and I just *knew* it needed a kawaii makeover to match my soft girl soul. So, I went on a little shopping adventure to find the cutest desk accessories that make my heart flutter every time I sit down to work or journal. These picks are all about bringing joy, pastel vibes, and that warm, fuzzy feeling to your desk. Ready to fall in love with your workspace? Letâ€™s dive into my faves! ğŸ§  

---

### ğŸ“ Pastel Sakura Pen Holder  

![Pastel pink sakura pen holder with bunny](/blog-posts/Pastel_Sakura_Pen_Holder.jpg) 

This adorable pen holder is shaped like a cherry blossom tree with soft pink petals and a tiny bunny at the base. Itâ€™s made of smooth ceramic and holds all my pens, washi tapes, and even a few cute erasers. Itâ€™s like a mini spring garden on my desk!  

ğŸ§¸ **Why I Love It**:  
It makes me feel like Iâ€™m working in a magical forest! Plus, itâ€™s super functionalâ€”my pens are always organized, and itâ€™s sturdy enough not to tip over.  

ğŸ’” **Heads-Up**:  
Itâ€™s a bit small, so if you have *tons* of pens, you might need a second holder.  

ğŸ”— **Product Link**:  
[Buy on Amazon](https://www.amazon.com/Ambesonne-Blossom-Japanese-Artwork-Accessory/dp/B079VDKTCK)   

---

### ğŸ° Sanrio Hello Kitty Desk Mat  

![Hello Kitty pastel pink desk mat](/blog-posts/Sanrio_Hello_Kitty_Desk Mat.jpg)  

This desk mat is *everything*! Itâ€™s a soft, pastel pink mat with Hello Kitty and her iconic red bow sprinkled all over in a cute pattern. Itâ€™s big enough to fit my laptop, mouse, and a cozy cup of tea.  

ğŸ§¸ **Why I Love It**:  
Itâ€™s so soft under my wrists, and every time I see Hello Kittyâ€™s little face, I canâ€™t help but smile! It also protects my desk from scratches, which is a big win.  

ğŸ’” **Heads-Up**:  
Itâ€™s a bit pricey for a desk mat, but the quality and cuteness are so worth it!  

ğŸ”— **Product Link**:  
[Buy on Amazon](https://www.amazon.co.uk/Hello-Kitty-Desk-Mat-Merchandise/dp/B0D8BXJ8H3)  

---

### ğŸ¾ Kawaii Animal Sticky Note Set  

![Kawaii animal sticky notes in pastel colors](/blog-posts/Kawaii_Animal_Sticky_Note_Set.jpg)  

This set comes with six stacks of sticky notes, each with a different chubby animal faceâ€”think pandas, kittens, and bunnies! Theyâ€™re in soft colors like mint green, baby blue, and lavender. Perfect for jotting down to-dos or leaving cute notes for yourself.  

ğŸ§¸ **Why I Love It**:  
These make even the most boring tasks feel fun! I stick them on my planner, and theyâ€™re so adorable I actually *want* to check my to-do list.  

ğŸ’” **Heads-Up**:  
The adhesive isnâ€™t super strong, so theyâ€™re better for temporary notes than long-term sticking.  

ğŸ”— **Product Link**:  
[Buy on Amazon](https://www.amazon.com/-/he/R2-002BLT/dp/B0CX96T83Q)  

---

### ğŸ¬ Pastel Cloud-Shaped Desk Lamp  

![Pastel cloud-shaped desk lamp with stars](/blog-posts/Pastel_Cloud_Shaped_Desk_Lamp.jpg)  

This cloud-shaped lamp is the coziest thing ever! Itâ€™s a soft white lamp with a gentle glow that can switch between warm and cool light. The base is decorated with tiny stars, and itâ€™s USB-powered, so itâ€™s perfect for small desks.  

ğŸ§¸ **Why I Love It**:  
It makes my desk feel like a dreamy night sky! The warm light is so calming when Iâ€™m working late, and itâ€™s small enough to fit anywhere.  

ğŸ’” **Heads-Up**:  
The cord is a bit short, so you might need an extension if your outlet is far.  

ğŸ”— **Product Link**:  
[Buy on Amazon](https://www.amazon.com/EGLO-Pastel-Light-17-05x6-18x6-18-204085A/dp/B07V1NVN3C)  

---

### ğŸ§ Mini Plushie Pencil Toppers  

![Mini plushie pencil toppers in strawberry and cupcake designs](/blog-posts/Mini_Plushie_Pencil_Toppers.jpg)  

These are tiny plushies that slide onto the tops of your pencils! My set has a strawberry, a bear, and a little cupcake with a happy face. They wobble a bit when you write, which is just too cute!  

ğŸ§¸ **Why I Love It**:  
They make writing feel like a little adventure! I always giggle when I see my cupcake plushie bouncing around. Theyâ€™re also great for gifting to kawaii-loving friends.  

ğŸ’” **Heads-Up**:  
They can slip off if youâ€™re writing super fast, so I use them more for decoration than heavy-duty writing.  

ğŸ”— **Product Link**:  
[Buy on Amazon](https://www.amazon.com/Raymond-Geddes-Cuddles-Animal-67582/dp/B019J7BRGU)  

---

## ğŸŒŸ Final Reflection  

Putting together this kawaii desk setup has seriously changed my work-from-home game! Every time I sit down, I feel like Iâ€™m stepping into a pastel wonderland that sparks so much joy. These little accessories remind me to slow down, enjoy the moment, and embrace all the cozy, cute vibes. Which oneâ€™s your fave? Drop a comment below and let me know how youâ€™re kawaii-fying your workspace! Or share your setup on X with the hashtag #KawaiiDeskDreamsâ€”I canâ€™t wait to see it! ğŸŒˆ  

ğŸ’Œ **Join my newsletter for monthly cozy updates!**  

## ğŸ·ï¸ Tags  
`#kawaiiblog #cutelifestyle #pastelaesthetic #softgirlaesthetic #kawaiiroomdecor #kawaiifinds`",desk|kawaii,5 min read,2025-07-27T10:00:00.000Z
2,My Dreamy Kawaii Bedside Table Essentials ğŸŒ™âœ¨,2025-08-01,/blog-posts/Kawai_Bedside_Main_Cover.webp,"---
title: My Dreamy Kawaii Bedside Table Essentials ğŸŒ™âœ¨
date: 2025-08-02  
author: Your Kawaii BFF  
description: Transform your bedside table into a purr-fectly adorable kawaii haven! Dive into my favorite cute and cozy essentials, from cat-themed night lights to plushy pillows, for the ultimate soft girl aesthetic.  
keywords: [""kawaii bedside table"", ""cute room decor"", ""soft girl room"", ""pastel aesthetic"", ""kawaii essentials"", ""cozy lifestyle"", ""temu finds"", ""aliexpress finds"", ""etsy finds"", ""cat decor""]
---

OMG HIIII cutie pies! ğŸ€  

Have you ever stared at your bedside table and felt like it was justâ€¦ meh? ğŸ˜¿ Mine used to be a total snooze-fest â€“ a random charger, a dusty coaster, and zero vibes. But I was like, NO WAY, my sleepy-time nook deserves to be a magical, kawaii wonderland! So, I went on a super adorable mission to fill it with the cutest, coziest treasures, and OMG, itâ€™s now my favorite spot in the whole house! âœ¨  

Get ready to turn your bedside table into a dreamy, heart-melting haven that makes you smile every night and morning! Letâ€™s dive into my absolute faves!  

---

### ğŸ’¡ The Cat Night Light Thatâ€™s Purr-fectly Dreamy  

![A glowing cat-shaped night light on a pastel pink bedside table, casting a soft, colorful glow.](/blog-posts/cat-night-light.webp)  

You guys, Iâ€™m OBSESSED with this YETHKE Cute Cat Night Light! Itâ€™s this adorable, round kitty that lights up with a gentle tap, cycling through seven colors like a magical rainbow! ğŸŒˆ Itâ€™s like having a tiny, glowing friend watching over me as I drift off to sleep.  

ğŸ§¸ **Why Iâ€™m Obsessed**:  
Itâ€™s so soft and cozy, perfect for bedtime vibes! The touch control is super fun, and the slow-fade â€œbreathingâ€ mode feels like a warm hug from a kitty. Plus, itâ€™s battery-powered, so no messy cords!  

ğŸ’” **A Tiny Heads-Up**:  
Itâ€™s not safe for kiddos under 36 months because of small parts, so keep it high up if youâ€™ve got little ones around. Also, itâ€™s more for ambiance than reading light.  

ğŸ”— **Where to Find It**:  
[Get yours on Temu!](https://share.temu.com/ByZCC9ZkhCA)  

---

### â° The Silent Clock That Makes Mornings Chic  

![A mint-green quartz alarm clock with a gold-tone stand, ticking quietly on a bedside table.](/blog-posts/quartz-clock.webp)  

Mornings used to be the WORST with my phoneâ€™s screechy alarm, but this Elegant Silent Quartz Alarm Clock in mint-green macaron cuteness has changed the game! Itâ€™s so stylish with its gold-tone stand, and the silent sweep movement means no annoying ticking!  

ğŸ§¸ **Why Iâ€™m Obsessed**:  
The soft alarm tone is gentle enough for light sleepers, and it looks like it belongs in a fancy Parisian cafÃ©. Plus, itâ€™s super affordable at ~Â£0.85!  

ğŸ’” **A Tiny Heads-Up**:  
It runs on one AA battery (not included), so grab one before you set it up. Also, itâ€™s compact, so donâ€™t expect a giant clock face.  

ğŸ”— **Where to Find It**:  
[Get yours on Temu!](https://share.temu.com/NBk32j92gSA)  

---

### ğŸ€ My Cat-Themed Storage for Tiny Treasures  

![A cute cat-shaped stackable storage box with transparent drawers, holding tiny trinkets.](/blog-posts/cat-storage.webp)  

My bedside table was a MESS with hair ties, lip glosses, and random stickers. Enter the Cute Cat Storage Box! This multi-layer, expandable kitty organizer is the cutest way to keep my treasures tidy and ready to grab.  

ğŸ§¸ **Why Iâ€™m Obsessed**:  
Itâ€™s so adorable with its cat design and pastel colors (I got pink!), and the drawers glide so smoothly. Itâ€™s perfect for pens, jewelry, or my Sanrio washi tape collection!  

ğŸ’” **A Tiny Heads-Up**:  
Itâ€™s sturdy but can arrive damaged if shipping gets rough (Temuâ€™s return policy has you covered, though!). Also, itâ€™s best for small items, not big stuff.  

ğŸ”— **Where to Find It**:  
[Get yours on Temu!](https://share.temu.com/3rAM154La7A)  

---

### ğŸ’§ The Teeny Diffuser Thatâ€™s a Total Vibe  

![A Twoda USB aroma diffuser puffing gentle mist, glowing with soft LED light on a bedside table.](/blog-posts/aroma-diffuser.webp)  

This Twoda USB Aroma Diffuser is my new bedtime BFF! Itâ€™s a tiny 250 ml humidifier that puffs out cool mist and has a soft LED glow. Add a drop of water-soluble lavender oil, and itâ€™s like sleeping in a fairy garden!  

ğŸ§¸ **Why Iâ€™m Obsessed**:  
It runs for 12â€“14 hours, perfect for all-night coziness, and the intermittent mist mode saves water. Itâ€™s USB-powered, so I can even use it in my car!  

ğŸ’” **A Tiny Heads-Up**:  
Use only distilled water and water-soluble oils, or it wonâ€™t mist properly. Also, the cotton swab inside needs to stay soaked, so follow the setup instructions!  

ğŸ”— **Where to Find It**:  
[Get yours on Ali!](https://www.aliexpress.com/item/1005005616575916.html?src=google&pdp_npi=4%40dis!GBP!1.49!1.49!!!!!%40!12000033761107576!ppc!!!&src=google&albch=shopping&acnt=494-037-6276&isdl=y&slnk=&plac=&mtctp=&albbt=Google_7_shopping&aff_platform=google&aff_short_key=UneMJZVf&gclsrc=aw.ds&&albagn=888888&&ds_e_adid=&ds_e_matchtype=&ds_e_device=c&ds_e_network=x&ds_e_product_group_id=&ds_e_product_id=en1005005616575916&ds_e_product_merchant_id=565563582&ds_e_product_country=GB&ds_e_product_language=en&ds_e_product_channel=online&ds_e_product_store_id=&ds_url_v=2&albcp=17859500389&albag=&isSmbAutoCall=false&needSmbHouyi=false&gad_source=1&gad_campaignid=17190468917&gbraid=0AAAAADznYb9UN33OiqlarIhi9KX90sTVZ&gclid=CjwKCAjwy7HEBhBJEiwA5hQNolgUme2zRo5dmKxyk8mW_pKqE445QQKvgA2MLFnwutV9Je1esFPBmxoCbIUQAvD_BwE)  

---

### ğŸ“± The Lazy Cat Phone Holder Thatâ€™s Too Cute  

![A resin lazy cat phone holder cradling a phone on a pastel bedside table, looking super chill.](/blog-posts/lazy-cat-holder.webp)  

This Resin Lazy Cat Mobile Phone Holder is the cutest thing EVER! Itâ€™s a little kitty lounging like itâ€™s on vacation, holding my phone like a pro. Itâ€™s both a functional stand and a kawaii art piece!  

ğŸ§¸ **Why Iâ€™m Obsessed**:  
Itâ€™s so sturdy and holds my phone in portrait or landscape mode for late-night TikTok or ASMR. Plus, itâ€™s only ~Â£2.61 and adds major charm to my setup.  

ğŸ’” **A Tiny Heads-Up**:  
Itâ€™s more decorative than adjustable, so itâ€™s best for casual viewing. Also, make sure your phone isnâ€™t too chunky for the slot!  

ğŸ”— **Where to Find It**:  
[Get yours on Temu!](https://share.temu.com/VCl42FEB8dA)  

---

### ğŸ’– My Bubble Pig Plushy Pal, Boba  

![A soft bubble pig plush holding a boba tea cup, snuggled on a pile of pastel pillows.](/blog-posts/bubble-pig-plush.webp)  

Meet Boba, my Bubble Pig Plush Pillow! This squishy, boba-tea-loving piglet is the coziest guardian for my bedside table. Itâ€™s like hugging a cloud with a kawaii twist!  

ğŸ§¸ **Why Iâ€™m Obsessed**:  
Itâ€™s so soft and mochi-mochi, perfect for cuddling while I journal or watch anime. At ~Â£1.47, itâ€™s a steal for such a cute collectible!  

ğŸ’” **A Tiny Heads-Up**:  
Itâ€™s not safe for kids under 36 months due to small parts, and some AliExpress pig plushies have had safety concerns (check compliance before gifting!). Delivery can also take a bit.  

ğŸ”— **Where to Find It**:  
[Adopt yours on AliExpress!](https://www.aliexpress.com/item/1005005997191641.html?src=google&pdp_npi=4%40dis!GBP!6.78!3.65!!!!!%40!12000035232681312!ppc!!!&src=google&albch=shopping&acnt=494-037-6276&isdl=y&slnk=&plac=&mtctp=&albbt=Google_7_shopping&aff_platform=google&aff_short_key=UneMJZVf&gclsrc=aw.ds&&albagn=888888&&ds_e_adid=&ds_e_matchtype=&ds_e_device=c&ds_e_network=x&ds_e_product_group_id=&ds_e_product_id=en1005005997191641&ds_e_product_merchant_id=757479596&ds_e_product_country=GB&ds_e_product_language=en&ds_e_product_channel=online&ds_e_product_store_id=&ds_url_v=2&albcp=17859500389&albag=&isSmbAutoCall=false&needSmbHouyi=false&gad_source=1&gad_campaignid=17190468917&gbraid=0AAAAADznYb9UN33OiqlarIhi9KX90sTVZ&gclid=CjwKCAjwy7HEBhBJEiwA5hQNojQlu5rqHdVou9AK1jJm5B7iUvXzvBddUNGYcsyQQnXG4nhBu2mqJBoCwwgQAvD_BwE)  

---

### ğŸ“ My Mini Notebook for Midnight Musings  

![A tiny A6 notebook with a cat design, open to a page with a cute doodle of a starry sky.](/blog-posts/mini-notebook-cat.webp)  

This Mini Notebook with a cat design is my go-to for capturing late-night thoughts and dreamy doodles! Itâ€™s A6-sized, made from recycled paper, and has the cutest yellow inside cover.  

ğŸ§¸ **Why Iâ€™m Obsessed**:  
Itâ€™s perfect for jotting down random ideas or dream journal entries, and itâ€™s from a UK Etsy shop, so Iâ€™m supporting small creators! The paper-cut design is so charming.  

ğŸ’” **A Tiny Heads-Up**:  
With only 36 blank pages, itâ€™s for short notes, not epic novels. But thatâ€™s what makes it so perfect for quick thoughts!  

ğŸ”— **Where to Find It**:  
[Get yours on Etsy!](https://www.etsy.com/uk/listing/901972328/mini-notebook-oranges-or-cat-design?ls=a&ga_order=most_relevant&ga_search_type=all&ga_view_type=gallery&ga_search_query=cute+mini+notebook&ref=sc_gallery-1-17&loc=1&local_signal_search=1&plkey=d677a872c4b955574eda13608e6d60a4e17dc81b%3A901972328)  

---

### ğŸ¥› The Cat Mug That Makes Drinks Magical  

![A cute cat ceramic mug with a matching lid and spoon, filled with pink strawberry milk on a coaster.](/blog-posts/cat-mug.webp)  

My bedtime tea or hot cocoa ritual got a MAJOR upgrade with this Cute Cat Ceramic Mug! Itâ€™s a 420 ml ceramic beauty with a cat-themed lid and spoon, making every sip feel like a kawaii potion.  

ğŸ§¸ **Why Iâ€™m Obsessed**:  
The colorful design (I got pink!) and matching spoon make it so fun to use. Itâ€™s big enough for cereal or soup, too, and at ~Â£7, itâ€™s a total steal!  

ğŸ’” **A Tiny Heads-Up**:  
Hand wash only to keep the glaze shiny, and the lid isnâ€™t super tight, so donâ€™t tip it over! Also, avoid microwaving to be safe.  

ğŸ”— **Where to Find It**:  
[Get yours on Temu!](https://share.temu.com/GSCYO07a6bA)  

---

### My Final Thoughts ğŸŒ¸  

Curating this kawaii bedside nook has made my heart SO happy! Every little item feels like a tiny hug, turning my sleepy-time space into a magical escape. Your bedside table should be a reflection of your cutest, coziest self, so fill it with things that make you squeal with joy!  

Whatâ€™s the one thing on *your* bedside table that you canâ€™t live without? Spill the boba tea in the comments below! And if you create your own kawaii nook, snap a pic and tag me on Insta with **#MyKawaiiNook** â€“ Iâ€™m dying to see it!  

Stay sparkly and sweet! xoxo  

## ğŸ·ï¸ Tags  
`#kawaiiblog #cutelifestyle #pastelaesthetic #softgirlaesthetic #kawaiiroomdecor #kawaiifinds #bedsidetable #cozyvibes #temuhaul #aliexpressfinds #etsyfinds #roomtour #cutethings #catlover`

---

ğŸ’Œ Let's be friends! Join my newsletter for monthly cozy updates and free digital sticker sheets!",bed|kawaii|bedside,8 min read,2025-08-01T10:00:00.000Z